apply_num,handle,nick
763623,@beaj,beaj
763578,@halime856,halime856
763558,@lina0823,lina0823
763556,@sgi0214,sgi0214
763544,@nakadima0627,nakadima0627
763538,@gullola,gullola
763535,@lithameyile,lithameyile
763514,@hayayty514,hayayty514
763504,@q9x98zrwq4,q9x98zrwq4
763490,@lucy002,lucy002
763481,@Priya2614,Priya2614
763474,@apple_001037.25b,apple_001037.25b
763471,@farahnoz.qurbonova,farahnoz.qurbonova
763460,@abroadinseoul,abroadinseoul
763457,@mirshod05,mirshod05
763395,@tsoy.jenya,tsoy.jenya
763388,@ksu23,ksu23
763370,@vitaminka,vitaminka
763367,@yakoreya,yakoreya
763360,@djazia123,djazia123
763352,@go.go.na,go.go.na
763342,@google_1040838454,google_1040838454
763338,@musesgalaxy,musesgalaxy
763306,@janairaeperez,janairaeperez
763305,@monika15,monika15
763289,@salmaa__217,salmaa__217
763265,@lim.karolina,lim.karolina
763254,@aikozvezda,aikozvezda
763206,@giani,giani
763192,@soyeongeda,soyeongeda
763158,@aisha7,aisha7
763136,@d_lan991,d_lan991
763117,@soul_in_seoul16,soul_in_seoul16
763113,@valentinachangmua,valentinachangmua
763100,@kate_wilczynska,kate_wilczynska
763094,@lufihaa,lufihaa
763068,@anniehoney,anniehoney
763061,@fatikim,fatikim
763034,@missmiracle,@missmiracle
763024,@taoussi,taoussi
763021,@lespacedetata,lespacedetata
763013,@rawanzoghary,rawanzoghary
763005,@aisha_mansour,aisha_mansour
763001,@apple_000277.583,apple_000277.583
762999,@lizy1@,lizy1@
762991,@viborzova,viborzova
762988,@ranaadil008,ranaadil008
762982,@dizonarc,dizonarc
762975,@fad_yuni_so1,fad_yuni_so1
762974,@TinaGu,TinaGu